<?xml version="1.0" encoding="UTF-8"?>
<root>
  <item name="com.twofortyfouram.spackle.AlarmManagerCompat com.twofortyfouram.spackle.AlarmManagerCompat.AlarmToken setExact(android.content.Context, int, long, android.app.PendingIntent, long, long) 1">
    <annotation name="android.support.annotation.IntDef">
      <val name="value" val="{android.app.AlarmManager.RTC, android.app.AlarmManager.RTC_WAKEUP, android.app.AlarmManager.ELAPSED_REALTIME, android.app.AlarmManager.ELAPSED_REALTIME_WAKEUP}" />
    </annotation>
  </item>
  <item name="com.twofortyfouram.spackle.AlarmManagerCompat com.twofortyfouram.spackle.AlarmManagerCompat.AlarmToken setExactKitKat(int, long, android.app.PendingIntent) 0">
    <annotation name="android.support.annotation.IntDef">
      <val name="value" val="{android.app.AlarmManager.RTC, android.app.AlarmManager.RTC_WAKEUP, android.app.AlarmManager.ELAPSED_REALTIME, android.app.AlarmManager.ELAPSED_REALTIME_WAKEUP}" />
    </annotation>
  </item>
  <item name="com.twofortyfouram.spackle.AlarmManagerCompat com.twofortyfouram.spackle.AlarmManagerCompat.AlarmToken setExactLollipop(int, long, android.app.PendingIntent, long, long) 0">
    <annotation name="android.support.annotation.IntDef">
      <val name="value" val="{android.app.AlarmManager.RTC, android.app.AlarmManager.RTC_WAKEUP, android.app.AlarmManager.ELAPSED_REALTIME, android.app.AlarmManager.ELAPSED_REALTIME_WAKEUP}" />
    </annotation>
  </item>
  <item name="com.twofortyfouram.spackle.AlarmManagerCompat com.twofortyfouram.spackle.AlarmManagerCompat.AlarmToken setExactMarshmallow(int, long, android.app.PendingIntent, long, long) 0">
    <annotation name="android.support.annotation.IntDef">
      <val name="value" val="{android.app.AlarmManager.RTC, android.app.AlarmManager.RTC_WAKEUP, android.app.AlarmManager.ELAPSED_REALTIME, android.app.AlarmManager.ELAPSED_REALTIME_WAKEUP}" />
    </annotation>
  </item>
  <item name="com.twofortyfouram.spackle.AlarmManagerCompat.AlarmType">
    <annotation name="android.support.annotation.IntDef">
      <val name="value" val="{android.app.AlarmManager.RTC, android.app.AlarmManager.RTC_WAKEUP, android.app.AlarmManager.ELAPSED_REALTIME, android.app.AlarmManager.ELAPSED_REALTIME_WAKEUP}" />
    </annotation>
  </item>
  <item name="com.twofortyfouram.spackle.ThreadUtil.ThreadPriority ThreadPriority(int) 0">
    <annotation name="android.support.annotation.IntDef">
      <val name="value" val="{android.os.Process.THREAD_PRIORITY_AUDIO, android.os.Process.THREAD_PRIORITY_BACKGROUND, android.os.Process.THREAD_PRIORITY_DEFAULT, android.os.Process.THREAD_PRIORITY_DISPLAY, android.os.Process.THREAD_PRIORITY_FOREGROUND, android.os.Process.THREAD_PRIORITY_LESS_FAVORABLE, android.os.Process.THREAD_PRIORITY_LOWEST, android.os.Process.THREAD_PRIORITY_MORE_FAVORABLE, android.os.Process.THREAD_PRIORITY_URGENT_AUDIO, android.os.Process.THREAD_PRIORITY_URGENT_DISPLAY}" />
    </annotation>
  </item>
  <item name="com.twofortyfouram.spackle.ThreadUtil.ThreadPriority int getPriority()">
    <annotation name="android.support.annotation.IntDef">
      <val name="value" val="{android.os.Process.THREAD_PRIORITY_AUDIO, android.os.Process.THREAD_PRIORITY_BACKGROUND, android.os.Process.THREAD_PRIORITY_DEFAULT, android.os.Process.THREAD_PRIORITY_DISPLAY, android.os.Process.THREAD_PRIORITY_FOREGROUND, android.os.Process.THREAD_PRIORITY_LESS_FAVORABLE, android.os.Process.THREAD_PRIORITY_LOWEST, android.os.Process.THREAD_PRIORITY_MORE_FAVORABLE, android.os.Process.THREAD_PRIORITY_URGENT_AUDIO, android.os.Process.THREAD_PRIORITY_URGENT_DISPLAY}" />
    </annotation>
  </item>
  <item name="com.twofortyfouram.spackle.ThreadUtil.ThreadPriority mPriority">
    <annotation name="android.support.annotation.IntDef">
      <val name="value" val="{android.os.Process.THREAD_PRIORITY_AUDIO, android.os.Process.THREAD_PRIORITY_BACKGROUND, android.os.Process.THREAD_PRIORITY_DEFAULT, android.os.Process.THREAD_PRIORITY_DISPLAY, android.os.Process.THREAD_PRIORITY_FOREGROUND, android.os.Process.THREAD_PRIORITY_LESS_FAVORABLE, android.os.Process.THREAD_PRIORITY_LOWEST, android.os.Process.THREAD_PRIORITY_MORE_FAVORABLE, android.os.Process.THREAD_PRIORITY_URGENT_AUDIO, android.os.Process.THREAD_PRIORITY_URGENT_DISPLAY}" />
    </annotation>
  </item>
  <item name="com.twofortyfouram.spackle.TimeFormatter java.lang.String formatTime(java.lang.String, long) 0">
    <annotation name="android.support.annotation.StringDef">
      <val name="value" val="com.twofortyfouram.spackle.TimeFormatter.TimeFormat.ISO_8601" />
    </annotation>
  </item>
  <item name="com.twofortyfouram.spackle.TimeFormatter.TimeFormat">
    <annotation name="android.support.annotation.StringDef">
      <val name="value" val="com.twofortyfouram.spackle.TimeFormatter.TimeFormat.ISO_8601" />
    </annotation>
  </item>
</root>

